/* 
There are 13 tables in this database
Affiliate, Partner, Property_Owner, Office, Residential_Property,
Listing, Rental_Listing, Sale_Listing, Owned_Office, Full_Time_Employee, Leased_office, Ownership_Percentage, and Lease_Holder
The code below enters values into the respective table
*/

-- Populate Affiliate table

INSERT INTO Affiliate (FirstName, MiddleInitial, LastName, AffPhone, DateofBirth, AffEmail)
VALUES 
('Francoise', 'S', 'Rautenstrauch', '5195698399', '08-01-1990', 'francoise.rautenstrauch@rautenstrauch.com'),
('Kendra', 'A', 'Loud', '5063631526', '01-22-1990', 'kloud@gmail.com'),
('Lourdes', 'N', 'Bauswell', '6139037043', '04-11-1981', 'lourdes_bauswell@aol.com'),
('Hannah', NULL, 'Edmison', '6043343686', '01-23-1992', NULL),
('Tom', 'Z', 'Loeza', '5144876096', '05-12-1990', 'tom.loeza@gmail.com'),
('Queenie', 'E', 'Kramarczyk', '3064215793', '11-01-1983', 'queenie.kramarczyk@kramarczyk.org'),
('Hui', 'J', 'Portaro', '5068277755', '11-14-1974','hui_portaro@cox.net'),
( 'Josefa', NULL, 'Opitz', NULL, '09-11-1995', 'josefa.opitz@opitz.org'),
( 'Lea', 'N', 'Steinhaus', '9056188258', '01-13-1956', 'lsteinhaus@cox.net'),
('Paola', 'R', 'Vielma', '9054561117', '02-23-1962', 'paola_vielma@aol.com'),
('Hortencia', 'G', 'Vielma', '9022566791', '07-07-1998', 'hbresser@aol.com'),
('Leanna', 'U', 'Tijerina', '4167192114', '08-18-1989', 'leanna@cox.net');


-- Populate Partner table

INSERT INTO Partner (FirstName, MiddleInitial, LastName, ParPhone, ParEmail)
VALUES 
('Ronnie', 'P', 'Kettelle', '9023367042', 'ronnie_kettelle@aol.com'),
('Mabel', 'S', 'Fower', '4183394723', 'mabel_fower@fower.com'),
('Harley', 'A', 'Works', NULL, 'harley@cox.net'),
('Joye', 'V', 'Nedman', '3046991698', 'joye@cox.net'),
('Luisa', 'L', 'Harnish', '6045399449', NULL),
('Stacey', NULL, 'Lortz', '4163102610', 'stacey_lortz@aol.com'),
('Reyes', 'R', 'Mesmer', '9054062203', 'reyes@mesmer.org'),
('Avery', NULL, 'Demus', '6045438412', 'avery.demus@aol.com'),
('Colby', 'M', 'Scotts', '7056648094', 'cscotts@aol.com'),
('Afton', 'S', 'Wrinkle', '6138451883', 'awrinkle@wrinkle.org'),
('India', 'F', 'Sifford', NULL, 'isifford@sifford.org'),
('Brunilda', 'Y', 'Coin', '5063274460', 'brunilda_coin@aol.com'),
('Jenifer', 'B', 'Emanuel', '2503947063', 'jemanuel@emanuel.com'),
('Makeda', NULL, 'Nosis', NULL, 'makeda.nosis@yahoo.com'),
('Vivan', 'R', 'Oppy', '3063250490', NULL),
('Eric', 'M', 'Gazzola', '4182743473', 'eric@cox.net'),
('Thersa', 'H', 'Davirro', '2505404275', 'thersa.davirro@aol.com'),
('Mindy', NULL, 'Presnal', '6042134721', 'mpresnal@yahoo.com'),
('Luis', 'H', 'Metzner', '8198609413', NULL),
('Dawne', 'B', 'Mcloud', '9057606449', 'dmcloud@cox.net');


-- Populate Property_Owner table

INSERT INTO Property_Owner (FirstName, MiddleInitial, LastName, OwnerStreet, OwnerCity, OwnerProvince, OwnerPostalCode,OwnerPhone, OwnerEmail)
VALUES
('Rochell', 'D', 'Wetherby', '142 E 57th Ave #2', 'Amqui', 'QC', 'G5J1E2', '4163424252', 'rwetherby@wetherby.org'),
('Amber', 'K', 'Windell', '41 Augusta Hwy', 'Richmond', 'BC', 'V6X3S2', NULL, 'amber.windell@cox.net'),
('Stefanie', 'C', 'Prinkey', '1 N Main St #16', 'Etobicoke', 'ON', 'M9A0A5', NULL, 'stefanie_prinkey@prinkey.org'),
('Miesha', NULL, 'Walen', '2 Executive Blvd', 'Espanola', 'ON', 'P5E1C1', NULL, 'miesha@aol.com'),
('Jin', 'S', 'Perry', '18 Cameron St', 'Etobicoke', 'ON', 'M9C2W4', '3159992342', 'jin_perry@gmail.com'),
('Azzie', NULL, 'Tuazon', '5518 Whippany Rd', 'Oakville', 'ON', 'L6L6V2', NULL, 'azzie.tuazon@hotmail.com'),
('Noble', 'H', 'Miyata', '7059 E Kilbourn Ave #252', 'Tillsonburg', 'ON', 'N4G4Y4', '4169930021', 'noble_miyata@gmail.com'),
('Rosalyn', 'K', 'Mcspedon', '449 Oakwood Ave', 'Kingston', 'ON', 'K7K3L3', NULL, 'rosalyn.mcspedon@mcspedon.org'),
('Tequila', NULL, 'Pelletier', '6173 Landmeier Rd', 'Richmond Hill', 'ON', 'L4C9T5', NULL, 'tequila_pelletier@cox.net'),
('Noe', '', 'Kotz', '3878 Little John Way', 'Salt Spring Island', 'BC', 'V8K2T5', NULL, 'nkotz@kotz.org'),
('Enola', 'G', 'Yandow', '7 Sw 5th Ave', 'Dartmouth', 'NS', 'B2W6G3', NULL, 'eyandow@cox.net'),
('Lon', 'W', 'Tibbles', '78 Eastway Dr', 'Mississauga', 'ON', 'L5E1B7', NULL, 'lon.tibbles@cox.net'),
('Brice', 'A', 'Rowe', '5 New Circle Rd Ne', 'Belleville', 'ON', 'K8N1R9', '9052338888', 'brice_rowe@aol.com'),
('Janae', NULL, 'Mair', '8 S Mcmullen Dr #38', 'Ajax', 'ON', 'L1T1R5', NULL, 'janae_mair@cox.net'),
('Timothy', 'B', 'Bussert', '43 Winnetka Ave', 'Toronto', 'ON', 'M4C3Y1', '7875426888', 'timothy@bussert.com'),
('Mable', 'C', 'Goerke', '7 Woodbridge Ave', 'Toronto', 'ON', 'M6P2V5', NULL, 'mable_goerke@cox.net'),
('Sabine', 'D', 'Kaea', '48 Lower Ragsdale Dr #1349', 'Brampton', 'ON', 'L6W1A8', '5142399921', 'sabine@gmail.com'),
('Aileen', 'Z', 'Klukken', '8 Wilfong Ln','North York', 'ON', 'M2N2T3', NULL, 'aklukken@klukken.com'),
('Krystal', 'W', 'Twyman', '9 Garcia Ave #38', 'Scarborough', 'ON', 'M1C1N8', NULL, NULL),
('Jules', NULL, 'Erichsen', '1 Parkfair Dr #1219', 'Mississauga', 'ON', 'L5C1L3', NULL, 'jules@cox.net'),
('Ilona', 'D', 'Dudash', '2 Sutton Pl S #5727', 'Rouyn-Noranda', 'QC', 'J9X3V4', '8195367034', 'idudash@dudash.com');


-- Populate Office table

INSERT INTO Office (Street, City, Province, PostalCode, IsOwned)
VALUES
('2335 Canton Hwy #6', 'Windsor', 'ON', 'N8N3N2', TRUE),
('6 Arch St #9757', 'Alcida', 'NB', 'E8J2C4', TRUE),
('9547 Belmont Rd #21', 'Belleville', 'ON', 'K8P1B3', TRUE),
('73 Pittsford Victor Rd', 'Vancouver', 'BC', 'V53K2', TRUE),
('447 Commercial St Se', 'LIle-Perrot', 'QC', 'J7V4T4', FALSE),
('47 Garfield Ave', 'Swift Current', 'SK', 'S9H4V2', TRUE),
('3 Mill Rd', 'Baker Brook', 'NB', 'E7A1T3', TRUE),
('136 W Grand Ave #3', 'Delhi', 'ON', 'N4B1C4', FALSE),
('80 Maplewood Dr #34', 'Bradford', 'ON', 'L3Z2S4', FALSE),
('58 Hancock St', 'Aurora', 'ON', 'L4G2J7', FALSE);

/* Addtional offices if needed
('808 Calle De Industrias', 'New Waterford', 'NS', 'B1H1Z4', TRUE),
('2859 Dorsett Rd', 'North York', 'ON', 'M9L2T9', TRUE),
('6857 Wall St', 'Red Deer', 'AB', 'T4R2H5', TRUE),
('169 Journal Sq', 'Edmonton', 'AB', 'T5P1G9', TRUE),
('3 E 31st St #77', 'Fredericton', 'NB', 'E3G0A3', TRUE),
('7 N Dean St', 'Etobicoke', 'ON', 'M8Z3P6', TRUE),
('85 S State St', 'Barrie', 'ON', 'L4N6T7', TRUE),
('100 Main St', 'Calgary','AB','T2K4X5', TRUE),
('6185 Bohn St #72', 'Pangman','SK', 'S0C2C0', TRUE),
('2 Sutton Pl S #5727', 'Rouyn-Noranda', 'QC', 'J9X3V4', TRUE);
*/


-- Populate Residential_Property table

INSERT INTO Residential_Property (ListingOfficeID, Street, City, Province, Postalcode) 
VALUES 
(1, '123 York University', 'Toronto', 'ON', 'M3J1P3'), 
(2, '47 Farfield Ave', 'Vancouver', 'BC', 'M6J1Q3'), 
(3, '3 Mill Rd', 'Windsor', 'ON', 'O3K1Y3'), 
(4, '73 Pittsford Victor Rd', 'Edmonton', 'AB', 'N3N1P3'), 
(5, '80 Maplewood Dr #34', 'Dehli', 'ON', 'L3K1Y3'), 
(6, '6857 Wall St', 'Toronto', 'ON', 'M3G1f3'), 
(1, '179 2859 Dorsett Rd', 'Toronto', 'ON', 'E4K1K3'), 
(3, '1 Arc Street', 'Toronto', 'ON', 'M3G1X3'), 
(3, '47 Farfield Ave', 'Vancouver', 'BC','J3K1W7'), 
(3, '3 Dean Street', 'Toronto', 'ON', 'M2J1P4'), 
(4, '73 Main Rd', 'Toronto', 'ON', 'M3J1P3'), 
(1, '12 Wood Wedge Dr #34', 'Vancouver','BC','M3J1P7'), 
(2, '647 Wall St', 'Toronto', 'ON', 'N3K1P3'), 
(7, '1239 Sidco Dr', 'Toronto', 'ON', 'L3K1P3'), 
(1, '6757 Commerdial St', 'Toronto', 'ON', 'M3Z1P2'),
(2, '122 York University', 'Vancouver','BC','G3F1P3'), 
(6, '21 Sutton PI', 'Delhi', 'ON','D3J1H3'), 
(2, '30 Wall Street','Toronto', 'ON', 'J3S1P7'), 
(5, '713 Square Rd', 'Windsor', 'ON', 'S3G1Q3'), 
(3, '890 Karawood Dr #34', 'Toronto', 'ON', 'X3N1P7'),
(1, '2 Global Rd', 'Cambridge', 'ON',	'N1R2X2'),
(2, '8 E 92nd St', 'Ajax', 'ON',	'L1S6V3'),
(3, '2782 Midland Ave', 'Dieppe',	'NB',	'E1A8X6'),
(4, '402 Santa Isabel Ave',	'Sept-Iles', 'QC', 'G4S1Z5'),
(5, '78 152nd Ave #4179', 'Duncan', 'BC', 'V9L4G2'),
(6, '9891 Main St', 'Mirabel', 'QC', 'J7J1G7'),
(5, '5 W Irving Park Rd', 'Big Ridge', 'NS', 'B1K1X8'),
(8, '48 Bernardo Cent', 'Vaudreuil-Dorion', 'QC', 'J7V5V8'),
(4, '45 S Wells Ave', 'Quebec', 'QC', 'G1H1A6'),
(6, '960 Deming Way', 'Quebec', 'QC', 'G1C5G2'),
(7, '462 2nd St', 'Prince Albert', 'SK', 'S6V6E5'),
(10, '269 Commercial Dr', 'Jonquiere', 'QC', 'G7S2S3'),
(4, '8 Commercial Blvd #9', 'Hanover', 'ON', 'N4N1Z7'),
(6, '739 Stockton Ave', 'Gray Rapids', 'NB', 'E9B1G6'),
(10, '60 Sunrise Ave', 'North Bay', 'ON', 'P1B2L4'),
(7, '575 Washington St', 'Nanaimo', 'BC', 'V9R6W5'),
(10, '4634 Anania Dr', 'Vernon', 'BC', 'V1B3Z4'),
(9, '24 Sw Bridgeport Rd', 'Oakville', 'ON', 'L6J7H9'),
(10, '419 N Dixboro Rd #8', 'Gatineau', 'QC', 'J9J0V4'),
(1, '1 W Sierra Madre Blvd #9985', 'St Catharines', 'ON', 'L2M1R4'),
(4, '9 W Jackson Blvd', 'Surrey', 'BC', 'V3S7P4'),
(9, '4974 Rockburn Hill Rd #3', 'Surrey', 'BC', 'V4A8M9'),
(5, '8545 S Westshore Blvd', 'Cantley', 'QC', 'J8V3K1'),
(1, '258 S Ash Ave', 'Amherstburg', 'ON', 'N9V1S8'),
(7, '1 W Green Bay St', 'Saint John', 'NB', 'E2K3R6'),
(4, '8 Sylvan Ave', 'North York', 'ON', 'M3H5X6'),
(1, '9 Clove Rd', 'Pointe-aux-Trembles', 'QC', 'H1B4R4'),
(7, '10 Canal St', 'Pierrefonds', 'QC', 'H8Y2A9'),
(5, '62 N 3rd St', 'Calgary', 'AB', 'T2J0S5'),
(4, '2607 Market St', 'Chateauguay', 'QC', 'J6J3J8'),
(7, '62 15th Ave #63', 'Duncan', 'BC', 'V9L2E9'),
(4, '1 Clairemont Mesa Blvd', 'New Glasgow', 'NS', 'B2H3Y5'),
(7, '6 N Water St', 'Dauphin', 'MB', 'R7N2C7'),
(2, '1 S Kresson St', 'Alma', 'QC', 'G8E1G2'),
(2, '4 S 4th St', 'Calgary', 'AB', 'T2V2M5'),
(2, '326 Witherspoon St', 'Etobicoke', 'ON', 'M9R2W5'),
(10, '66 Hoffman St', 'St Thomas', 'ON', 'N5P2E5'),
(7, '185 Davis St', 'Saskatoon', 'SK', 'S7N3M6'),
(1, '20 Simpson Ferry Rd', 'Victoria', 'BC', 'V8Y1H4'),
(2, '7821 16th St Nw', 'Ajax', 'ON', 'L1S1S7'),
(9, '9 Pulaski Park Dr #7', 'North Bay', 'ON', 'P1B2V6'),
(4, '63 Baronne St', 'Port Moody', 'BC', 'V3H1E8'),
(1, '74 Chestnut St', 'Kitchener', 'ON', 'N2A1S3'),
(5, '4 Smith St #5', 'North York', 'ON', 'M3M2A4'),
(2, '4298 E Drinker St', 'York', 'ON', 'M6M1V5'),
(4, '80 S 33rd Pl', 'Greenfield Park', 'QC', 'J4V3G8'),
(5, '935 S Padre Island Dr', 'Halifax', 'NS', 'B3K3E4'),
(1, '3 B Main #117', 'Newmarket', 'ON', 'L3Y3M4'),
(3, '779 Moore St', 'Winnipeg', 'MB', 'R3R2Z5'),
(8, '14 Van Buren St', 'Peterborough', 'ON', 'K9H4B6'),
(5, '7 N Us Highway 67 #96', 'Ottawa', 'ON', 'K1S2E4'),
(2, '31 Mechanic St #9839', 'Stephenville', 'NL', 'A2N2N4'),
(8, '881 Route 38', 'North York', 'ON', 'M4A2A6'),
(6, '6 Monard Dr', 'Orleans', 'ON', 'K1C2E5'),
(7, '18 Cowesett Ave', 'Barrie', 'ON', 'L4N5C5'),
(1, '684 Albion Rd', 'Peterborough', 'ON', 'K9H3K7'),
(6, '8700 S Jefferson Rd #676', 'Lachine', 'QC', 'H8S3A8'),
(10, '4407 Chestnut Ridge Dr', 'Saint John', 'NB', 'E2K5L7'),
(7, '13 Midway Pl', 'Oakville', 'ON', 'L6H5G1'),
(9, '253 Hamilton Ave #1684', 'Pickering', 'ON', 'L1W2P9'),
(9, '8 W 41st Ave', 'Blainville', 'QC', 'J7C2R9'),
(6, '559 Bridge Plz', 'Etobicoke', 'ON', 'M8Y1G5'),
(6, '196 Touhy Ave', 'Scarborough', 'ON', 'M1E3L6'),
(1, '6 W Lincoln Ave', 'Saskatoon', 'SK', 'S7K3K7'),
(1, '7071 E 7th St #56', 'Verdun', 'QC', 'H4G1X4'),
(10, '784 Packerland Dr', 'Burlington', 'ON', 'L7L5E8'),
(2, '7823 N 36th Ave', 'North Vancouver', 'BC', 'V7H2J2'),
(8, '35 Milnor St', 'Valley', 'NS', 'B6L3K5'),
(5, '7 Saint Nicholas Ave', 'North Vancouver', 'BC', 'V7J3P8'),
(7, '87 Spencerville Ct #2', 'Hamilton', 'ON', 'L8S3V2'),
(6, '87 W 32nd St', 'Niagara Falls', 'ON', 'L2G3H6'),
(6, '70 W Main St', 'Vancouver', 'BC', 'V5Z3S8'),
(1, '3208 W Touhy Ave', 'Charlottetown', 'PE', 'C1E1W8'),
(6, '7 Airway Cir', 'Duncan', 'BC', 'V9L2T9'),
(6, '54 Whitaker Way', 'Reinfeld', 'MB', 'R6W1K7'),
(4, '4945 Progress Dr', 'Grand-Mere', 'QC', 'G9T3C3'),
(7, '658 W 30th St', 'London', 'ON', 'N5Z1R6'),
(8, '8 E 9mile Rd #697', 'Trois-Rivieres', 'QC', 'G8V2J6'),
(6, '7 Ryan Industrial Ct', 'Vancouver', 'BC', 'V6H3Y2'),
(9, '7 Mccrea St', 'Chilliwack', 'BC', 'V2P6L6'),
(10, '7 Mcwhorter Rd', 'Jonquiere', 'QC', 'G7X2X4'),
(2, '572 Simpson St', 'Georgetown', 'ON', 'L7G2T4'),
(7, '3493 Camino Ruiz', 'Hamilton', 'ON', 'L8N2V6'),
(9, '2052 E Semoran Blvd', 'Regina', 'SK', 'S4N5R4'),
(10, '9 Main St', 'Hanover', 'ON', 'N4N2P6'),
(9, '538 Fayetteville Street Mall', 'Grand-Sault/Grand Falls', 'NB', 'E3Z2K5'),
(3, '9875 Sheafe Rd', 'Montreal', 'QC', 'H2H1Z2'),
(4, '269 Distribution Way', 'Orleans', 'ON', 'K1C1Z6'),
(6, '6 E Miraloma Ave', 'Gatineau', 'QC', 'J8M2A5'),
(3, '56 N Wood Ave #25', 'Montreal', 'QC', 'H2M1W9'),
(8, '3 Lee Dr #8435', 'Longueuil', 'QC', 'J4J3E9'),
(5, '1831 Everett Rd', 'Corner Brook', 'NL', 'A2H2K1'),
(9, '801 W Belmont Ave', 'Montreal', 'QC', 'H3C5G9'),
(8, '61 N Westshore Blvd', 'Kitchener', 'ON', 'N2A1S3'),
(3, '6 Old York Rd', 'Gatineau', 'QC', 'J8P3A1'),
(6, '80 Sw End Blvd', 'Surrey', 'BC', 'V3R4L7'),
(2, '7585 Calle De Industrias', 'Reserve Mines', 'NS', 'B1E1G6'),
(6, '250 University Ave #9', 'Comox', 'BC', 'V9M1T4'),
(9, '78 Eastway Dr', 'Mississauga', 'ON', 'L5E1B7'),
(5, '196 Waterman Ave #1', 'Trois-Rivieres', 'QC', 'G8T6A2'),
(10, '9 Meridian St', 'Scarborough', 'ON', 'M1G1V4'),
(3, '9514 Mount Vernon Ave', 'Quebec', 'QC', 'G2B4L7'),
(2, '7 Sw 5th Ave', 'Dartmouth', 'NS', 'B2W6G3'),
(7, '7675 N Solano Dr', 'Hebbville', 'NS', 'B4V7A2'),
(9, '8229 S Washington Ave', 'Portage la Prairie', 'MB','R1N3T4'),
(4, '686 S Dupont Hwy', 'Oshawa', 'ON', 'L1J8H1'),
(4, '88 Norris Ave #2', 'Bedford', 'NS', 'B4A3V5'),
(4, '72 W Hampden Ave', 'Orleans', 'ON', 'K1E2C8'),
(10, '846 Middletown Blvd #427','Orillia', 'ON', 'L3V4N5'),
(3, '5181 N Alma School Rd', 'Dawson Creek', 'BC', 'V1G1Y2'),
(7, '71 W Indian School Rd', 'Thunder Bay', 'ON', 'P7E2H1'),
(5, '5 Victory Ave', 'Cambridge', 'ON', 'N1S2S8'),
(9, '33 Broadway St #8539', 'Big Valley', 'AB', 'T0J0G0'),
(4, '96 Hook Rd', 'Scarborough', 'ON', 'M1B2S5'),
(2, '1 Sw 72nd Ave', 'Chilliwack', 'BC', 'V2P4W3'),
(3, '479 Commerce Park', 'Enterprise', 'NB', 'E7G1M2'),
(4, '42 Main St', 'Alma', 'QC', 'G8B7M5'),
(1, '4701 N Cocoa Blvd', 'Toronto', 'ON', 'M4V2Z2'),
(7, '755 135th St', 'Etobicoke', 'ON', 'M9W1M9'),
(4, '4714 S Main St', 'Peterborough', 'ON', 'K9J3N7'),
(10, '2 Scott Blvd', 'Amos', 'QC', 'J9T1S3'),
(3, '9 Constitution Ave', 'Calgary', 'AB', 'T2X2M9'),
(2, '2965 Lake Lizzie Dr', 'Mont-Royal', 'QC', 'H3R1G3'),
(5, '8939 Merrill Field Dr', 'Burnaby', 'BC', 'V5G4J9'),
(10, '8 Leoole St #3', 'Drummondville', 'QC', 'J2B3J9'),
(2, '901 Broughton Ave #7', 'Saint-Bruno', 'QC', 'J3V5S1'),
(10, '263 L St #1255', 'Simcoe', 'ON', 'N3Y2P6'),
(3, '84 L St #98', 'Coquitlam', 'BC', 'V3E2W1'),
(1, '973 El Camino Real', 'Derby Junction', 'NB', 'E1V5B4'),
(8, '5652 Wisconsin Ave', 'Winnipeg', 'MB', 'R2J2V1'),
(4, '2 Ramona Ave #6', 'Guelph', 'ON', 'N1E5N9'),
(8, '901 Highway 74', 'Rimouski', 'QC', 'G5L1N6'),
(7, '237 S French Ave', 'Woodbridge', 'ON', 'L4H2L8'),
(9, '89 Parade St', 'Woodstock', 'ON', 'N4S3K1'),
(5, '3067 W Wabansia Ave', 'Etobicoke', 'ON', 'M9C5B4'),
(10, '2 W Kellogg Dr #5', 'Jonquiere', 'QC', 'G8A1H7'),
(2, '3 Aiea Heights #660', 'Regina', 'SK', 'S4T3L1'),
(2, '440 Town Center Dr', 'Kamloops', 'BC', 'V2B7W6'),
(3, '91 Argyle Rd', 'Sherbrooke', 'QC', 'J1H6E3'),
(1, '4 Hanover Pike', 'Mississauga', 'ON', 'L5V1E5'),
(4, '615 Main St #3722', 'Vanier', 'ON', 'K1L7E2'),
(7, '648 Waihona St #1152', 'Cardigan', 'NB', 'E6B1L7'),
(4, '689 S Steele St #1887', 'Amherst', 'NS', 'B4H1K5'),
(4, '8507 Upland St', 'Burlington', 'ON', 'L7P4T1'),
(7, '577 Page Ave', 'Laval', 'QC', 'H7M5P7'),
(8, '6 West St #2', 'Terrebonne', 'QC', 'J6W4W3'),
(1, '7 Duluth St', 'Stoneham-Et-Tewkesbury', 'QC', 'G3C0S2'),
(5, '39 Logan Ave #9518', 'Hamilton', 'ON', 'L9A4H9'),
(2, '384 N Main St', 'Paradise', 'NL', 'A1L0H4'),
(5, '79 E 92nd St', 'Ottawa', 'ON', 'K1G3B6'),
(9, '59 W Century Rd', 'Pointe-Claire', 'QC', 'H9R5N9'),
(4, '8763 N Front St', 'Windsor', 'ON', 'N8Y4T9'),
(4, '2 80e E #7867', 'Edmonton', 'AB', 'T5Y3J7'),
(5, '541 N 88th Ave', 'Brantford', 'ON', 'N3T2H4'),
(2, '60 15th Ave', 'Hamilton', 'ON', 'L8N2V6'),
(10, '3951 Seaway Dr', 'Grande Prairie', 'AB', 'T8V4G4'),
(4, '2097 N Stonestreet Ave', 'North York', 'ON', 'M6M3B1'),
(2, '264 Jefferson Hwy #83', 'Saint-Bruno', 'QC', 'J3V4R8'),
(1, '40 N Dean St', 'York', 'ON', 'M6N3Z2'),
(9, '365 Zebra Pl', 'Brantford', 'ON', 'N3R3C6'),
(5, '859 Franquette Ave', 'Simcoe', 'ON', 'N3Y5H1'),
(1, '58 Calle Arroyo', 'Trenton', 'ON', 'K8V3Z2'),
(3, '8348 1st Ave W', 'Dundas', 'ON', 'L9H2C3'),
(10, '2763 Fort Campbell Blvd #7554', 'Sudbury', 'ON', 'P3E2W9'),
(2, '5670 Leonis Blvd', 'Gatineau', 'QC', 'J8Y5Z4'),
(6, '6 Central Ave #664', 'Amherst', 'NS', 'B4H1N1'),
(5, '75 N Washington Ave', 'Lasalle', 'QC', 'H8N1S9'),
(4, '880 W South Water Market', 'Fort McMurray', 'AB', 'T9H3A8'),
(5, '42 N 16th St #620', 'Montreal', 'QC', 'H2C3A1'),
(6, '873 E Cumberland St', 'North York', 'ON', 'M6B3Y3'),
(9, '863 Mcgilchrist St Se', 'Thunder Bay', 'ON', 'P7E2H1'),
(5, '2 S Church St', 'Terrebonne', 'QC', 'J6W1M9'),
(10, '31 N Canal St', 'Kingston', 'ON', 'K7L2Y7'),
(10, '8688 Manning Blvd #547', 'Calgary', 'AB', 'T2C1W4'),
(1, '652 Pacific Hwy', 'Edmonton', 'AB', 'T5C3M1'),
(5, '8794 34th Ave', 'Drummondville', 'QC', 'J2B3S8'),
(5, '9 3rd St', 'Welshpool', 'NB', 'E5E1G8'),
(6, '571 Maiden Ln #7', 'Brossard', 'QC', 'J4X1J9'),
(6, '637 Wright Rd', 'Coquitlam', 'BC', 'V3K2P4'),
(2, '1770 Mission Ave', 'Calgary', 'AB', 'T3H2S3'),
(7, '2583 Lincoln Blvd', 'Cambridge', 'ON', 'N1S1A7'),
(4, '1 Highway 71 S', 'Abbotsford','BC','V2S2G5'),
(6, '1309 Pitney Rd', 'Saint-Hubert', 'QC', 'J3Y4R3'),
(2, '809 W Bayshore Rd', 'Trail', 'BC', 'V1R4Y2'),
(1, '83 Magnavox Way', 'Ottawa', 'ON', 'K2C2V1'),
(10, '87 Via Contenta', 'West Kelowna', 'BC', 'V1Z2J2'),
(9, '986 Whitaker Way', 'Moncton', 'NB', 'E1A6P3'),
(6, '612 York St', 'Sarnia', 'ON', 'N7V3X4'),
(4, '4 N Brand Blvd', 'Orleans', 'ON', 'K4A0V9'),
(3, '48 Market St', 'Prince George', 'BC', 'V2M1K4'),
(4, '1458 W Henry St', 'Nelson', 'BC', 'V1L1A7'),
(3, '380 Main St', 'Matane','QC', 'G4W3G6'),
(9, '743 Wolfert Ave', 'Calgary', 'AB', 'T2L2G4'),
(2, '3878 Little John Way', 'Salt Spring Island', 'BC', 'V8K2T5'),
(10, '32 Marguerite Pky', 'Edmonton', 'AB', 'T6A0L9'),
(3, '6173 Landmeier Rd', 'Richmond Hill', 'ON', 'L4C9T5'),
(9, '5 Middletown Blvd', 'Richmond', 'BC', 'V6Y1L9'),
(9, '449 Oakwood Ave', 'Kingston', 'ON', 'K7K3L3'),
(9, '7059 E Kilbourn Ave #252', 'Tillsonburg', 'ON', 'N4G4Y4'),
(4, '8 General Dr', 'Nanaimo', 'BC', 'V9R4Z4'),
(2, '5518 Whippany Rd', 'Oakville', 'ON', 'L6L6V2'),
(7, '2 Hill Rd', 'Trois-Rivieres', 'QC', 'G8Z3J2'),
(7, '79 Lexington Ave #83', 'Chicoutimi', 'QC', 'G7J4W9'),
(3, '339 W 1st St', 'Montreal', 'QC', 'H2Z1P5'),
(2, '7635 Run Subdivision', 'Surrey', 'BC', 'V3X2L5'),
(9, '91 Nw 52nd Ave', 'Mirabel', 'QC', 'J7N2E1'),
(2, '7767 W Central Ave #2', 'Truro', 'NS','B2N6J6');


-- Populate Listing table

INSERT INTO Listing (MLSID, PropertyID, Result, InactiveDate, IsSale)
VALUES
('A0000001', 1, NULL, NULL, TRUE),
('A0000007', 1, NULL, NULL, FALSE),
('A0000002', 2, NULL, NULL, TRUE),
('A0000003', 3, NULL, NULL, TRUE),
('A0000010', 3, NULL, NULL, FALSE),
('A0000004', 4, NULL, NULL, TRUE),
('A0000005', 5, NULL, NULL, TRUE),
('A0000006', 6, NULL, NULL, FALSE),
('A0000008', 7, NULL, NULL, TRUE),
('A0000009', 8, NULL, NULL, FALSE),
('C0000001', 9, NULL, NULL, TRUE),
('C0000002', 10, NULL, NULL, TRUE),
('C0000003', 11, NULL, NULL, FALSE),
('C0000004', 12, NULL, NULL, TRUE),
('C0000005', 13, NULL, NULL, FALSE),
('C0000006', 14, 'Sold', '2021-11-01', TRUE),
('C0000007', 15, 'Sold', '2021-12-01', TRUE),
('C0000008', 16, 'Rented', '2015-01-01', FALSE),
('C0000009', 16, 'Rented', '2017-01-01', FALSE),
('Z0000001', 16, NULL, NULL, FALSE),
('Z0000002', 17, 'Rented', '2016-12-01', FALSE),
('Z0000003', 17, 'Rented', '2017-12-01', FALSE),
('Z0000004', 17, 'Rented', '2018-12-01', FALSE),
('Z0000005', 17, 'Rented', '2019-12-01', FALSE),
('Z0000006', 17, 'Rented', '2020-12-01', FALSE),
('Z0000007', 17, 'Rented', '2021-12-01', FALSE),
('Z0000008', 18, 'Rented', '2021-12-01', FALSE),
('Z0000009', 19, 'Rented', '2021-12-02', FALSE),
('Z0000010', 20, 'Rented', '2021-12-03', FALSE),
('Z0000011', 21, 'Rented', '2021-12-04', FALSE),
('Z0000012', 22, 'Delisted', '2021-12-01', FALSE),
('Z0000013', 23, NULL, NULL, TRUE),
('Z0000014', 24, 'Sold', '2021-12-01', TRUE),
('Z0000015', 25, 'Sold', '2021-12-04', TRUE),
('Z0000016', 26, NULL, NULL, FALSE),
('R0000001', 27, 'Rented', '2021-8-19', FALSE),
('R0000002', 28, 'Rented', '2021-2-3', FALSE),
('R0000003', 29, 'Rented', '2021-4-14', FALSE),
('R0000004', 30, 'Rented', '2021-3-15', FALSE),
('R0000005', 31, 'Rented', '2021-4-2', FALSE),
('R0000006', 32, NULL, NULL, FALSE),
('R0000007', 33, 'Rented', '2021-8-16', FALSE),
('R0000008', 34, 'Delisted', '2021-9-9', FALSE),
('R0000009', 35,'Rented','2021-3-19',FALSE),
('R0000010', 36,'Rented','2022-1-4',FALSE),
('R0000011', 37,NULL,NULL,FALSE),
('R0000012', 38, 'Rented', '2021-2-13', FALSE),
('R0000013', 39, 'Rented', '2021-12-22', FALSE),
('R0000014', 40, 'Rented', '2021-5-9', FALSE),
('R0000015', 41, 'Rented', '2021-4-17', FALSE),
('R0000016', 42, 'Rented', '2021-6-8', FALSE),
('R0000017', 43, 'Rented', '2021-4-1', FALSE),
('R0000018', 44, 'Rented', '2021-11-7', FALSE),
('R0000019', 45, 'Rented', '2021-12-12', FALSE),
('R0000020', 46, 'Rented', '2021-2-10', FALSE),
('R0000021', 47, 'Rented', '2021-2-20', FALSE),
('R0000022', 48, 'Rented', '2021-11-4', FALSE),
('R0000023', 49, 'Rented', '2021-7-3', FALSE),
('R0000024', 50, 'Rented', '2021-8-7', FALSE),
('R0000025', 51, 'Rented', '2021-12-9', FALSE),
('R0000026', 52, 'Rented', '2021-2-14', FALSE),
('R0000027', 53, 'Rented', '2021-10-15', FALSE),
('R0000028', 54, 'Rented', '2021-9-19', FALSE),
('R0000029', 55, 'Rented', '2021-12-2', FALSE),
('R0000030', 56, 'Delisted', '2021-9-13', FALSE),
('R0000031', 57, 'Rented', '2021-4-2', FALSE),
('R0000032', 58, 'Rented', '2021-7-21', FALSE),
('R0000033', 59, NULL, NULL, FALSE),
('R0000034', 60, NULL, NULL, FALSE),
('R0000035', 61, 'Rented', '2021-2-18', FALSE),
('R0000036', 62, 'Rented', '2021-4-10', FALSE),
('R0000037', 63, NULL, NULL, FALSE),
('R0000038', 64, 'Rented', '2021-4-7', FALSE),
('R0000039', 65, 'Rented', '2021-12-8', FALSE),
('R0000040', 66, 'Rented', '2021-8-12', FALSE),
('R0000041', 67, 'Rented', '2022-1-15', FALSE),
('R0000042', 68, 'Rented', '2021-11-15', FALSE),
('R0000043', 69, 'Rented', '2021-2-21', FALSE),
('R0000044', 70, 'Rented', '2021-12-6', FALSE),
('R0000045', 71, 'Rented', '2021-5-8', FALSE),
('R0000046', 72, 'Rented', '2021-8-20', FALSE),
('R0000047', 73, 'Rented', '2021-2-6', FALSE),
('R0000048', 74, 'Rented', '2021-3-20', FALSE),
('R0000049', 75, 'Rented', '2021-10-6', FALSE),
('R0000050', 76, 'Rented', '2021-7-5', FALSE),
('R0000051', 77, 'Rented', '2021-2-19', FALSE),
('R0000052', 78, 'Rented', '2021-5-10', FALSE),
('R0000053', 79, 'Rented', '2021-11-4', FALSE),
('R0000054', 80, 'Rented', '2021-6-8', FALSE),
('R0000055', 81, 'Rented', '2021-8-12', FALSE),
('R0000056', 82, NULL, NULL, FALSE),
('R0000057', 83, NULL, NULL, FALSE),
('R0000058', 84, NULL, NULL, FALSE),
('R0000059', 85, NULL, NULL, FALSE),
('R0000060', 86, 'Rented', '2021-6-21', FALSE),
('R0000061', 87, 'Rented', '2021-11-6', FALSE),
('R0000062', 88, 'Rented', '2021-2-7', FALSE),
('R0000063', 89, 'Rented', '2022-1-20', FALSE),
('R0000064', 90, 'Rented', '2022-1-21', FALSE),
('R0000065', 91, 'Rented', '2021-6-14', FALSE),
('R0000066', 92, 'Rented', '2021-12-1', FALSE),
('R0000067', 93, 'Rented', '2021-6-7', FALSE),
('R0000068', 94, 'Rented', '2021-5-12', FALSE),
('R0000069', 95, 'Rented', '2021-4-17', FALSE),
('R0000070', 96, 'Rented', '2021-10-3', FALSE),
('R0000071', 97, 'Rented', '2021-4-1', FALSE),
('R0000072', 98, 'Delisted', '2021-10-17', FALSE),
('R0000073', 99, 'Rented', '2021-11-15', FALSE),
('R0000074', 100, 'Rented', '2021-2-17', FALSE),
('R0000075', 101, NULL, NULL, FALSE),
('R0000076', 102, 'Rented', '2022-1-15', FALSE),
('R0000077', 103, 'Rented', '2021-4-14', FALSE),
('R0000078', 104,'Rented','2021-5-3', FALSE),
('R0000079', 105, NULL, NULL, FALSE),
('R0000080', 106, 'Rented', '2021-12-19', FALSE),
('R0000081', 107, 'Rented', '2021-8-1', FALSE),
('R0000082', 108, 'Rented', '2021-10-9', FALSE),
('R0000083', 109, 'Rented', '2021-3-13', FALSE),
('R0000084', 110, 'Rented', '2021-6-8', FALSE),
('R0000085', 111, 'Rented', '2021-12-4', FALSE),
('R0000086', 112, 'Rented', '2021-4-20', FALSE),
('R0000087', 113, 'Rented', '2021-12-15', FALSE),
('R0000088', 114, 'Rented', '2021-11-2', FALSE),
('R0000089', 115,'Rented','2021-10-12',FALSE),
('R0000090', 116, NULL, NULL, FALSE),
('R0000091', 117, 'Rented', '2021-9-1', FALSE),
('R0000092', 118, NULL, NULL, FALSE),
('R0000093', 119, 'Rented', '2022-1-17', FALSE),
('R0000094', 120, 'Rented', '2021-7-6', FALSE),
('R0000095', 121, 'Rented', '2021-3-20', FALSE),
('R0000096', 122, 'Rented', '2021-3-6', FALSE),
('R0000097', 123, 'Delisted', '2021-6-12', FALSE),
('R0000098', 124, 'Rented', '2021-10-8', FALSE),
('R0000099', 125, 'Rented', '2021-12-20', FALSE),
('R0000100', 126, NULL, NULL, FALSE),
('S0000001', 127, 'Sold', '2021-9-3', TRUE),
('S0000002', 128, NULL, NULL, TRUE),
('S0000003', 129, 'Sold', '2021-3-7', TRUE),
('S0000004', 130, 'Sold', '2021-2-18', TRUE),
('S0000005', 131, 'Sold', '2021-8-5', TRUE),
('S0000006', 132, 'Sold', '2021-9-1', TRUE),
('S0000007', 133, 'Sold', '2021-6-17', TRUE),
('S0000008', 134, 'Sold', '2022-1-1', TRUE),
('S0000009', 135, NULL, NULL, TRUE),
('S0000010', 136, 'Sold','2021-2-15', TRUE),
('S0000011', 137, 'Sold','2021-2-2', TRUE),
('S0000012', 138, NULL, NULL, TRUE),
('S0000013', 139, 'Sold', '2021-12-2', TRUE),
('S0000014', 140, 'Sold', '2021-11-13', TRUE),
('S0000015', 141, NULL, NULL, TRUE),
('S0000016', 142, NULL, NULL, TRUE),
('S0000017', 143, 'Sold', '2022-1-13', TRUE),
('S0000018', 144, 'Sold', '2021-10-5', TRUE),
('S0000019', 145, 'Sold', '2021-3-5', TRUE),
('S0000020', 146, 'Sold', '2021-6-17', TRUE),
('S0000021', 147, NULL, NULL, TRUE),
('S0000022', 148, NULL, NULL, TRUE),
('S0000023', 149, 'Sold', '2021-4-9', TRUE),
('S0000024', 150, NULL, NULL, TRUE),
('S0000025', 151, NULL, NULL, TRUE),
('S0000026', 152, 'Sold', '2021-5-5', TRUE),
('S0000027', 153, 'Sold', '2021-9-18', TRUE),
('S0000028', 154, 'Sold', '2021-7-22', TRUE),
('S0000029', 155, 'Sold', '2021-7-2', TRUE),
('S0000030', 156, 'Sold', '2021-4-3', TRUE),
('S0000031', 157, 'Sold', '2021-7-1', TRUE),
('S0000032', 158, 'Sold', '2022-1-4', TRUE),
('S0000033', 159, 'Sold', '2021-11-22', TRUE),
('S0000034', 160, NULL, NULL, TRUE),
('S0000035', 161, NULL, NULL, TRUE),
('S0000036', 162, NULL, NULL, TRUE),
('S0000037', 163, NULL, NULL, TRUE),
('S0000038', 164, 'Delisted', '2021-1-4', TRUE),
('S0000039', 165, 'Sold', '2021-5-22', TRUE),
('S0000040', 166, NULL, NULL, TRUE),
('S0000041', 167, NULL, NULL, TRUE),
('S0000042', 168, 'Sold', '2021-6-5', TRUE),
('S0000043', 169, 'Sold', '2021-7-22', TRUE),
('S0000044', 170, 'Sold', '2021-12-3', TRUE),
('S0000045', 171, 'Sold', '2021-8-2', TRUE),
('S0000046', 172, 'Sold', '2021-3-12', TRUE),
('S0000047', 173, 'Sold', '2021-6-5', TRUE),
('S0000048', 174, 'Sold', '2021-8-5', TRUE),
('S0000049', 175, 'Sold', '2021-5-12', TRUE),
('S0000050', 176, 'Sold', '2022-1-6', TRUE),
('S0000051', 177, 'Sold', '2021-2-22', TRUE),
('S0000052', 178, 'Sold', '2021-12-1', TRUE),
('S0000053', 179, 'Sold', '2021-7-6', TRUE),
('S0000054', 180, 'Sold','2021-11-19', TRUE),
('S0000055', 181, 'Sold', '2021-5-19', TRUE),
('S0000056', 182, NULL, NULL, TRUE),
('S0000057', 183, NULL, NULL, TRUE),
('S0000058', 184, NULL, NULL, TRUE),
('S0000059', 185, 'Sold', '2021-11-8', TRUE),
('S0000060', 186, 'Sold', '2021-4-3', TRUE),
('S0000061', 187, 'Sold', '2021-2-6', TRUE),
('S0000062', 188, NULL, NULL, TRUE),
('S0000063', 189, 'Sold', '2021-4-5', TRUE),
('S0000064', 190, NULL, NULL, TRUE),
('S0000065', 191, 'Sold', '2021-5-2', TRUE),
('S0000066', 192, 'Sold', '2021-9-11', TRUE),
('S0000067', 193, 'Delisted', '2021-5-12', TRUE),
('S0000068', 194, 'Sold', '2021-5-7', TRUE),
('S0000069', 195, 'Sold', '2021-11-16', TRUE),
('S0000070', 196, 'Sold', '2021-1-7', TRUE),
('S0000071', 197, 'Sold', '2021-2-9', TRUE),
('S0000072', 198, 'Sold', '2021-8-17', TRUE),
('S0000073', 199, 'Sold', '2021-6-1', TRUE),
('S0000074', 200, 'Sold', '2021-9-8', TRUE),
('S0000075', 201, 'Sold', '2021-6-6', TRUE),
('S0000076', 202, 'Sold', '2021-9-10', TRUE),
('S0000077', 203, NULL, NULL, TRUE),
('S0000078', 204, 'Sold', '2021-2-21', TRUE),
('S0000079', 205, 'Sold', '2021-12-13', TRUE),
('S0000080', 206, 'Delisted', '2021-7-16', TRUE),
('S0000081', 207, 'Sold', '2021-6-13', TRUE),
('S0000082', 208, 'Sold', '2021-7-17', TRUE),
('S0000083', 209, 'Sold', '2021-1-6', TRUE),
('S0000084', 210, 'Sold', '2021-3-3', TRUE),
('S0000085', 211, 'Sold', '2021-4-11', TRUE),
('S0000086', 212, 'Sold', '2021-2-8', TRUE),
('S0000087', 213, 'Sold', '2021-5-14', TRUE),
('S0000088', 214, NULL, NULL, TRUE),
('S0000089', 215, NULL, NULL, TRUE),
('S0000090', 216, NULL, NULL, TRUE),
('S0000091', 217, 'Sold', '2022-1-12', TRUE),
('S0000092', 218, NULL, NULL, TRUE),
('S0000093', 219, 'Sold', '2021-10-20', TRUE),
('S0000094', 220, 'Sold', '2021-11-19', TRUE),
('S0000095', 221, NULL, NULL, TRUE),
('S0000096', 222, 'Sold', '2021-8-3', TRUE),
('S0000097', 223, 'Sold', '2021-2-10', TRUE),
('S0000098', 224, 'Sold', '2021-5-8', TRUE),
('S0000099', 225, 'Sold', '2021-8-9', TRUE),
('S0000100', 226, 'Delisted', '2021-3-3', TRUE),
('S0000101', 227, 'Sold', '2021-6-1', TRUE);


-- Populate Rental_Listing table

INSERT INTO Rental_Listing (MLSID, MonthlyRent, RentalAgreementPeriod, CommissionAmount)
VALUES
('A0000007', 1200, '1 Year', 600),
('A0000010', 2400., '2 Years', 2400),
('A0000006', 3000, '1 Year', 1500),
('A0000009', 800, '1 Year', 400),
('C0000003', 99999.99, '1 Month', 20000.49),
('C0000005', 600, '6 Months', 300),
('C0000008', 3100, '2 Years', 1500),
('C0000009', 3300, '3 Years', 3300),
('Z0000001', 3500, '1 Year', 1500),
('Z0000002', 2000, '1 Year', 1000),
('Z0000003', 2000, '1 Year', 1000),
('Z0000004', 2000, '1 Year', 1000),
('Z0000005', 2000, '1 Year', 1000),
('Z0000006', 2000, '1 Year', 1000),
('Z0000007', 2000, '1 Year', 1000),
('Z0000008', 2000, '1 Year', 1000),
('Z0000009', 2000, '1 Year', 2000),
('Z0000010', 2000, '1 Year', 500),
('Z0000011', 2000, '1 Year', 1000),
('Z0000012', 2000, '1 Year', 1000),
('Z0000016', 2000, '1 Year', 500),
('R0000001', 1400, '1 Year', 700),
('R0000002', 1100, '1 Year', 550),
('R0000003', 1400, '1 Year', 700),
('R0000004', 1400, '1 Year', 700),
('R0000005', 2500, '1 Year', 1250),
('R0000006', 2200, '1 Year', 1100),
('R0000007', 2200, '1 Year', 1100),
('R0000008', 2800, '1 Year', 1400),
('R0000009', 1800, '1 Year', 900),
('R0000010', 1700, '1 Year', 850),
('R0000011', 2700, '1 Year', 1350),
('R0000012', 1300, '1 Year', 650),
('R0000013', 1000, '1 Year', 500),
('R0000014', 2400, '1 Year', 1200),
('R0000015', 2800, '1 Year', 1400),
('R0000016', 1000, '1 Year', 500),
('R0000017', 900, '1 Year', 450),
('R0000018', 2600, '1 Year', 1300),
('R0000019', 2400, '1 Year', 1200),
('R0000020', 2800, '1 Year', 1400),
('R0000021', 2100, '1 Year', 1050),
('R0000022', 2500, '1 Year', 1250),
('R0000023', 900, '1 Year', 450),
('R0000024', 1700, '1 Year', 850),
('R0000025', 1100, '1 Year', 550),
('R0000026', 1500, '1 Year', 750),
('R0000027', 2100, '1 Year', 1050),
('R0000028', 900, '1 Year', 450),
('R0000029', 1900, '1 Year', 950),
('R0000030', 2400, '1 Year', 1200),
('R0000031', 900, '1 Year', 450),
('R0000032', 2800, '1 Year', 1400),
('R0000033', 2400, '1 Year', 1200),
('R0000034', 2600, '1 Year', 1300),
('R0000035', 900, '1 Year', 450),
('R0000036', 3000, '1 Year', 1500),
('R0000037', 1300, '1 Year', 650),
('R0000038', 1400, '1 Year', 700),
('R0000039', 2600, '1 Year', 1300),
('R0000040', 2000, '1 Year', 1000),
('R0000041', 1700, '1 Year', 850),
('R0000042', 1900, '1 Year', 950),
('R0000043', 2700, '1 Year', 1350),
('R0000044', 1200, '1 Year', 600),
('R0000045', 1200, '1 Year', 600),
('R0000046', 3000, '1 Year', 1500),
('R0000047', 2100, '1 Year', 1050),
('R0000048', 1800, '1 Year', 900),
('R0000049', 1800, '1 Year', 900),
('R0000050', 900, '1 Year', 450),
('R0000051', 1200, '1 Year', 600),
('R0000052', 2400, '1 Year', 1200),
('R0000053', 1700, '1 Year', 850),
('R0000054', 2900, '1 Year', 1450),
('R0000055', 2600, '1 Year', 1300),
('R0000056', 2100, '1 Year', 1050),
('R0000057', 2200, '1 Year', 1100),
('R0000058', 1300, '1 Year', 650),
('R0000059', 1700, '1 Year', 850),
('R0000060', 2600, '1 Year', 1300),
('R0000061', 2000, '1 Year', 1000),
('R0000062', 2100, '1 Year', 1050),
('R0000063', 1400, '1 Year', 700),
('R0000064', 2300, '1 Year', 1150),
('R0000065', 1500, '1 Year', 750),
('R0000066', 1900, '1 Year', 950),
('R0000067', 1600, '1 Year', 800),
('R0000068', 1700, '1 Year', 850),
('R0000069', 800, '1 Year', 400),
('R0000070', 1500, '1 Year', 750),
('R0000071', 2200, '1 Year', 1100),
('R0000072', 1800, '1 Year', 900),
('R0000073', 2100, '1 Year', 1050),
('R0000074', 1600, '1 Year', 800),
('R0000075', 2100, '1 Year', 1050),
('R0000076', 800, '1 Year', 400),
('R0000077', 1700, '1 Year', 850),
('R0000078', 1500, '1 Year', 750),
('R0000079', 1700, '1 Year', 850),
('R0000080', 1700, '1 Year', 850),
('R0000081', 1700, '1 Year', 850),
('R0000082', 2200, '1 Year', 1100),
('R0000083', 800, '1 Year', 400),
('R0000084', 2900, '1 Year', 1450),
('R0000085', 900, '1 Year', 450),
('R0000086', 900, '1 Year', 450),
('R0000087', 1000, '1 Year', 500),
('R0000088', 1800, '1 Year', 900),
('R0000089', 2100, '1 Year', 1050),
('R0000090', 1700, '1 Year', 850),
('R0000091', 1900, '1 Year', 950),
('R0000092', 1900, '1 Year', 950),
('R0000093', 1200, '1 Year', 600),
('R0000094', 2200, '1 Year', 1100),
('R0000095', 2000, '1 Year', 1000),
('R0000096', 2100, '1 Year', 1050),
('R0000097', 2000, '1 Year', 1000),
('R0000098', 2900, '1 Year', 1450),
('R0000099', 1900, '1 Year', 950),
('R0000100', 2500, '1 Year', 1250);


-- Populate Sale_Listing table

INSERT INTO Sale_Listing (MLSID, SalesPrice, ClosingDuration, CommissionPercentage)
VALUES
('A0000001', 9999999.99, 45, 2.50),
('A0000002', 1590000, 10, 2.50),
('A0000003', 27880000, 30, 5.00),
('A0000004', 888888.88, 55, 3.00),
('A0000005', 2488888, 45, 1.50),
('A0000008', 32800000, 45, 6),
('C0000001', 1660000, 80, 20.50),
('C0000002', 450000, 5, 2.50),
('C0000004', 12000000, 45, 2.50),
('C0000006', 99999.99, 60, 2.50),
('C0000007', 1588000, 45, 2.50),
('Z0000013', 2366000, 45, 2.50),
('Z0000014', 2411000, 45, 2.50),
('Z0000015', 2500100, 45, 2.50),
('S0000001', 8640000, 45, 6.21),
('S0000002', 4917000, 45, 7.57),
('S0000003', 3366000, 45, 7.02),
('S0000004', 3801000, 45, 1.59),
('S0000005', 4479000, 45, 8.22),
('S0000006', 1461000, 45, 5.84),
('S0000007', 699000, 45, 4.71),
('S0000008', 3153000, 45, 6.48),
('S0000009', 8901000, 45, 0.96),
('S0000010', 1284000, 45, 9.12),
('S0000011', 3930000, 45, 5.73),
('S0000012', 5307000, 45, 5.88),
('S0000013', 729000, 45, 8.63),
('S0000014', 4155000, 45, 4.3),
('S0000015', 846000, 45, 1.83),
('S0000016', 6057000, 45, 0.55),
('S0000017', 1035000, 45, 4.65),
('S0000018', 2769000, 45, 6.21),
('S0000019', 927000, 45, 0.99),
('S0000020', 7449000, 45, 3.02),
('S0000021', 2670000, 45, 4.17),
('S0000022', 2007000, 45, 1.54),
('S0000023', 2655000, 45, 1.66),
('S0000024', 4629000, 45, 6.99),
('S0000025', 8799000, 45, 8.83),
('S0000026', 645000, 45, 5.75),
('S0000027', 2229000, 45, 1.27),
('S0000028', 3915000, 45, 7.68),
('S0000029', 2154000, 45, 4.89),
('S0000030', 5676000, 45, 1.04),
('S0000031', 1869000, 45, 4.12),
('S0000032', 7938000, 45, 0.87),
('S0000033', 2544000, 45, 5.48),
('S0000034', 2370000, 45, 3.59),
('S0000035', 3258000, 45, 9.05),
('S0000036', 1677000, 45, 0.35),
('S0000037', 2979000, 45, 8.96),
('S0000038', 4059000, 45, 1.41),
('S0000039', 6348000, 45, 5.36),
('S0000040', 6654000, 45, 9.08),
('S0000041', 1503000, 45, 7.53),
('S0000042', 8397000, 45, 5.73),
('S0000043', 3135000, 45, 7.95),
('S0000044', 2859000, 45, 0.89),
('S0000045', 5388000, 45, 7.82),
('S0000046', 8070000, 45, 9.25),
('S0000047', 6228000, 45, 7.49),
('S0000048', 7179000, 45, 7.66),
('S0000049', 963000, 45, 8.03),
('S0000050', 8805000, 45, 3.52),
('S0000051', 3015000, 45, 6.55),
('S0000052', 1428000, 45, 0.25),
('S0000053', 5754000, 45, 8.35),
('S0000054', 8541000, 45, 7.47),
('S0000055', 837000, 45, 2.76),
('S0000056', 7212000, 45, 5.21),
('S0000057', 5031000, 45, 5.33),
('S0000058', 3276000, 45, 4.76),
('S0000059', 5235000, 45, 5.51),
('S0000060', 8889000, 45, 2.83),
('S0000061', 5703000, 45, 0.7),
('S0000062', 7665000, 45, 7.9),
('S0000063', 8451000, 45, 5.97),
('S0000064', 6237000, 45, 3.78),
('S0000065', 5457000, 45, 0.56),
('S0000066', 5628000, 45, 1.73),
('S0000067', 6693000, 45, 2.8),
('S0000068', 7173000, 45, 0.05),
('S0000069', 2733000, 45, 8.61),
('S0000070', 3846000, 45, 0.8),
('S0000071', 5175000, 45, 1.15),
('S0000072', 1014000, 45, 4.14),
('S0000073', 8010000, 45, 2.17),
('S0000074', 6813000, 45, 7.87),
('S0000075', 768000, 45, 7.34),
('S0000076', 6909000, 45, 9.39),
('S0000077', 3006000, 45, 3.35),
('S0000078', 5550000, 45, 6.96),
('S0000079', 3417000, 45, 3.88),
('S0000080', 3147000, 45, 3.18),
('S0000081', 4734000, 45, 7.18),
('S0000082', 6036000, 45, 5.88),
('S0000083', 8157000, 45, 8.47),
('S0000084', 7887000, 45, 5.33),
('S0000085', 1152000, 45, 4.56),
('S0000086', 5538000, 45, 1.48),
('S0000087', 4068000, 45, 7.4),
('S0000088', 6837000, 45, 4.04),
('S0000089', 8310000, 45, 7.49),
('S0000090', 2598000, 45, 0.57),
('S0000091', 5817000, 45, 1.81),
('S0000092', 8700000, 45, 9.1),
('S0000093', 2217000, 45, 4.75),
('S0000094', 1773000, 45, 3.76),
('S0000095', 7266000, 45, 5.42),
('S0000096', 2682000, 45, 2.62),
('S0000097', 3066000, 45, 3.03),
('S0000098', 7470000, 45, 8.86),
('S0000099', 8793000, 45, 8.41),
('S0000100', 792000, 45, 6.31),
('S0000101', 3492000, 45, 4.24);
	   

-- Populate Owned_Office table
INSERT INTO Owned_office (OwnedOfficeID, PartnerID, IsOwned)
VALUES
(1, 1, TRUE),
(2, 2, TRUE),
(3, 12, TRUE),
(4, 13, TRUE),
(6, 5, TRUE),
(7, 9, TRUE);
	  
	  
-- Populate Full_Time_Employee table  

INSERT INTO Full_Time_Employee (FirstName, MiddleInitial, LastName, Salary, WorkOfficeID, EmpPhone, EmpEmail)
VALUES 
('Francoise', 'S', 'Rautenstrauch', 1500, 1, 5195698399, 'francoise.rautenstrauch@rautenstrauch.com'),
('Kendra', 'A', 'Loud', 6000, 1, 5063631526, 'kloud@gmail.com'),
('Lourdes', 'N', 'Bauswell', 6000, 1, 6139037043, 'lourdes_bauswell@aol.com'),
('Hannah', 'W', 'Edmison', 3000, 1, 6043343686, 'hannah@yahoo.com'),
('Tom', 'Z', 'Loeza', 8000, 1, 5144876096, 'tom.loeza@gmail.com'),
('Queenie', 'E', 'Kramarczyk', 3100, 2, 3064215793, 'queenie.kramarczyk@kramarczyk.org'),
('Hui', 'J', 'Portaro', 3400, 2, 5068277755, 'hui_portaro@cox.net'),
('Josefa', 'I', 'Opitz', 3900, 2, 5197887645, 'josefa.opitz@opitz.org'),
('Lea', 'N', 'Steinhaus', 3100, 2, 9056188258, 'lsteinhaus@cox.net'),
('Paola', 'R', 'Vielma', 4900, 2, 9054561117, 'paola_vielma@aol.com'),
('Hortencia', 'G', 'Vielma', 4200, 3, 9022566791, 'hbresser@aol.com'),
('Leanna', NULL, 'Tijerina', 3900, 3, 4167192114, 'leanna@cox.net'),
('Danilo', 'C', 'Pride', 4900, 3, 4032124945, NULL),
('Huey', 'N', 'Marcille', 5600, 3, 7806393619, 'huey.marcille@gmail.com'),
('Apolonia', NULL, 'Warne', 4700, 3, 5069781488, 'apolonia@gmail.com'),
('Chandra', 'W', 'Lagos', 5900, 4, 4167166446, 'chandra.lagos@lagos.org'),
('Crissy', 'R', 'Pacholec', 6300, 4, 7054772307, 'crissy@aol.com'),
('Gianna', 'R', 'Branin', 5200, 4, 4033377162, 'gianna@aol.com'),
('Valentin', NULL, 'Billa', 5200, 4, 3062915073, 'vbilla@yahoo.com'),
('Ilona', 'Y', 'Dudash', 6500, 4, 819523123, 'idudash@dudash.com'),
('Hana', 'W', 'Meisel', 1000, 1, '403696108', 'hana.meisel@yahoo.com'),
('Noel', 'M', 'Marrazzo', 2800, 2, '4132342334', 'noel@cox.net'),
('Brice', 'M', 'Rowe', 7300, 3, '6136313212', 'brice_rowe@aol.com'),
('Nguyet', 'I', 'Kitchens', 3500, 4, '4038830197', 'nguyet_kitchens@yahoo.com'),
('Janae', 'P', 'Mair', 3300, 6, '9055010186', 'janae_mair@cox.net'),
('Darrel', 'A', 'Makley', 2500, 7, '5068393178', 'dmakley@yahoo.com'),
('Genevieve', 'J', 'Milionis', 1000, 1, '7054167142', 'genevieve.milionis@hotmail.com'),
('Giovanna', NULL, 'Bacho', 100, 2, '6042030815', 'giovanna@cox.net'),
('Shelton', 'B', 'Spannuth', 9900, 3, '2043614889', 'shelton.spannuth@yahoo.com'),
('Alison', 'W', 'Mahlum', 200, 4, '6138621122', 'alison_mahlum@hotmail.com'),
('Maynard', 'L', 'Zufall', 6100, 6, '6048715745', 'mzufall@gmail.com'),
('Timothy', 'P', 'Bussert', 1600, 7, '4165211624', 'timothy@bussert.com'),
('Viola', 'H', 'Eddens', 6600, 1, '5067721108', 'veddens@eddens.org'),
('Luann', 'M', 'Michon', 9400, 2, '5145781262', 'luann@cox.net'),
('Mable', 'D', 'Goerke', 3400, 3, '4168671879', 'mable_goerke@cox.net'),
('Sabine', 'W', 'Kaea', 3500, 4, NULL, 'sabine@gmail.com'),
('Dolores', 'A', 'Moltz', 2400, 6, '5062116028', 'dolores@yahoo.com'),
('Hannah', 'C', 'Suero', 2200, 7, NULL, 'hsuero@yahoo.com'),
('Sonia', 'K', 'Blan', 8400, 1, '7095123146', 'sblan@blan.com'),
('Cletus', 'F', 'Stapels', 4000, 2, '7801674330', 'cletus_stapels@cox.net'),
('Asha', 'D', 'Zoldak', 6000, 3, NULL, 'asha_zoldak@hotmail.com'),
('Verlene', 'C', 'Billow', 5000, 4, NULL, 'vbillow@billow.com'),
('Yesenia', 'B', 'Giglio', 200, 6, '5016858797', 'yesenia@cox.net'),
('Tayna', 'B', 'Sine', 5500, 7, '9053314817', 'tayna_sine@sine.com'),
('Verona', 'M', 'Jobst', 7400, 7, '5148412487', 'verona_jobst@jobst.org'),
('Denae', NULL, 'Eggers', 300, 7, '2043411445', 'denae_eggers@gmail.com'),
('Rikki', 'E', 'Montalgo', 7100, 7, NULL, 'rikki@montalgo.com'),
('Nan', 'K', 'Weekly', 2400, 7, NULL, 'nan@weekly.com'),
('Sherell', 'C', 'Despain', 0, 7, '6043144458', 'sdespain@hotmail.com'),
('Coral', 'B', 'Brennick', 9000, 7, '4501480421', 'coral.brennick@brennick.com'),
('Phyliss', 'B', 'Huelse', 4400, 7, '4035410604', 'phyliss_huelse@aol.com'),
('Jesse', 'M', 'Wida', 2000, 7, '905356715', NULL),
('Latonia', 'G', 'Helander', 2200, 7, '9057123674', NULL),
('Aimee', 'C', 'Clozza', 6100, 1, '6138041102', NULL),
('Marcelle', 'B', 'Staie', 7900, 2, '9058171934', 'marcelle_staie@aol.com'),
('Ilda', 'S', 'Schuring', 4500, 3, '7808309158', 'ilda_schuring@schuring.com'),
('Aileen', 'S', 'Klukken', 4200, 4, '4163901510', 'aklukken@klukken.com'),
('Davida', 'C', 'Zeng', 5100, 6, '4503751912', 'davida_zeng@yahoo.com'),
('Beata', 'J', 'Rubarts', 5800, 7, '2508081765', 'beata_rubarts@aol.com'),
('Angelyn', 'E', 'Wieand', 6800, 1, '9058328914', 'angelyn_wieand@wieand.com'),
('Claudio', 'B', 'Hummell', 2500, 1, '4034281843', 'claudio_hummell@hotmail.com'),
('Krystal', 'S', 'Twyman', 400, 2, '4167122320', 'ktwyman@gmail.com'),
('Adela', 'F', 'Echegoyen', 2600, 3, '6045713392', 'adela.echegoyen@echegoyen.org'),
('Ryan', 'C', 'Phibbs', 7800, 4, '3066216236', 'rphibbs@gmail.com'),
('Edmond', 'E', 'Buettner', 2800,1, '4508329834', 'edmond_buettner@buettner.org'),
('Catina', 'N', 'Emmert', 6500, 2, '8076525363', 'catina@gmail.com'),
('Milly', 'S', 'Pattengale', 700, 3, '7807939418', 'milly@hotmail.com'),
('Jules', NULL, 'Erichsen', 400, 4, NULL, NULL),
('Denna', 'C', 'Miklitz', 7900, 1, '4504090405', 'dmiklitz@yahoo.com'),
('Willetta', 'A', 'Cesa', 5700, 2, '9029813382', 'willetta_cesa@gmail.com'),
('Johna', 'P', 'Magathan', 2700, 3, '7809934272', 'jmagathan@magathan.org'),
('Ollie', 'R', 'Oliverson', 6300, 4, '4167623001', 'ooliverson@cox.net'),
('Sherly', 'S', 'Vitrano', 4500, 1, '9024801385', 'svitrano@hotmail.com'),
('Kindra', 'M', 'Dishong', 1100, 2, '6135102395', 'kdishong@gmail.com'),
('Vanda', 'O', 'Tentler', 2800, 3, '2506055401', 'vanda_tentler@tentler.org'),
('Marshall', 'M', 'Fitgerald', 4100, 4, '4035918509', 'marshall_fitgerald@cox.net'),
('Kelvin', 'O', 'Hasha', 3800, 6, '7802273573', 'khasha@hotmail.com'),
('Darrin', 'M', 'Mathiasen', 5400, 1, '4505536426', 'dmathiasen@hotmail.com'),
('Susana', 'K', 'Mccarley', 2400, 2, '5194912561', 'susana_mccarley@gmail.com'),
('Wilson', 'B', 'Nickelson', 7000, 2, '4163765867', 'wilson_nickelson@aol.com'),
('Malissa', 'S', 'Talty', 4300, 2, '5067247577', 'malissa@talty.org'),
('Tandra', 'S', 'Castillanos', 7900, 2, '4036596108', 'tcastillanos@castillanos.com'),
('Lorean', 'A', 'Sammon', 6400, 2, '7804472459', 'lorean@yahoo.com'),
('Desirae', 'L', 'Oien', 1000, 2, '6136313252', 'desirae.oien@hotmail.com'),
('Delsie', 'B', 'Cerao', 6600, 2, '4038830957', 'delsie.cerao@cerao.org'),
('Mabel', 'T', 'Elmquist', 8300, 2, '9055015086', 'mabel_elmquist@elmquist.com'),
('Marnie', 'C', 'Purslow', 1800, 2, '5068396378', 'marnie.purslow@purslow.com'),
('Rene', 'C', 'Granier', 200, 6, '7054671426', 'rene@cox.net'),
('Trevor', 'M', 'Harnist', 9800, 6, '6042030185', NULL),
('Sharmaine', 'S', 'Batdorf', 3200, 2, '2043614889', 'sharmaine_batdorf@batdorf.com'),
('Ricki', 'C', 'Traux', 4900, 6, '6138621122', 'ricki.traux@traux.com'),
('Bernadine', NULL, 'Shufelt', 2300, 6, '6041875745', 'bernadine_shufelt@shufelt.org'),
('Shad', 'C', 'Reider', 9300, 1, '4165216214', NULL),
('Kenneth', 'D', 'Degennaro', 7200, 2, NULL, 'kenneth.degennaro@aol.com'),
('Marleen', 'W', 'Hennon', 6000, 2, '5145718262', 'marleen_hennon@aol.com'),
('Joaquin', 'C', 'Geitner', 6100, 3, '4168627879', 'joaquin_geitner@cox.net'),
('Slyvia', 'F', 'Stockham', 5600, 6, '9055826138', 'slyvia.stockham@aol.com'),
('Kris', 'U', 'Bala', 7900, 7, '5062162028', 'kris_bala@gmail.com'),
('Gussie', 'C', 'Diflorio', 8000, 7, '9055432967', 'gussie_diflorio@cox.net'),
('Lavelle', 'S', 'Lillywhite', 1400, 1, '7095122346', 'lavelle.lillywhite@hotmail.com'),
('Bev', 'N', 'Dermo', 8200, 2, '7806743230', 'bev.dermo@dermo.com'),
('Bette', 'N', 'Digiovanni', 700, 2, '4184702730', 'bette.digiovanni@digiovanni.org'),
('Lajuana', 'C', 'Mccloud', 4400, 3, '9054864255', 'lajuana_mccloud@hotmail.com'),
('Shakira', 'B', 'Westervelt', 3100, 6, '5068258797', 'swestervelt@westervelt.org'),
('Matt', 'B', 'Nickolich', 8500, 7, '9053348217', 'matt@gmail.com'),
('Clemencia', 'C', 'Momplaisir', 5900, 7, '5148242487', 'cmomplaisir@yahoo.com'),
('Oliva', 'K', 'Ambert', 9600, 1, '2043421445', 'oambert@gmail.com'),
('Ranee', NULL, 'Maye', 8100, 2, NULL, NULL),
('Ming', 'D', 'Eskew', 2300, 2, '5199280439', 'ming_eskew@eskew.com'),
('Annice', 'H', 'Peckens', 3800, 3, '6043443458', 'apeckens@peckens.org'),
('Effie', 'R', 'Frymark', 1700, 6, '4504803421', 'effie_frymark@gmail.com'),
('Maricela', 'P', 'Conger', 9700, 7, '4035340604', 'mconger@aol.com'),
('Esteban', 'M', 'Plantenberg', 800, 7, '9053562735', 'esteban@cox.net'),
('Doretha', 'L', 'Wykle', 200, 1, '9057223674', 'doretha@yahoo.com'),
('Dorsey', 'T', 'Neitzke', 1400, 2, '6138042102', 'dorsey_neitzke@hotmail.com'),
('Amie', 'M', 'Okuniewski', 7900, 3, '9058127934', 'amie@yahoo.com'),
('Bulah', 'B', 'Berkoff', 2200, 4, '7808302958', 'bulah.berkoff@cox.net'),
('Erin', 'C', 'Delbosque', 9400, 6, '4163905130', 'erin@cox.net'),
('Kassandra', 'P', 'Marushia', 5500, 3, '4503375192', 'kassandra@gmail.com'),
('Leslee', 'F', 'Matsuno', 7200, 7, '2508087365', NULL);


-- Update Owned_Office table 

UPDATE Owned_Office
SET    ManagerID = 1 
WHERE OwnedOfficeID =1;

UPDATE Owned_Office
SET    ManagerID = 6 
WHERE OwnedOfficeID =2;

UPDATE Owned_Office
SET    ManagerID = 11 
WHERE OwnedOfficeID =3;

UPDATE Owned_Office
SET    ManagerID = 117 
WHERE OwnedOfficeID =4;

UPDATE Owned_Office
SET    ManagerID = 25 
WHERE OwnedOfficeID =6;

UPDATE Owned_Office
SET    ManagerID = 47 
WHERE OwnedOfficeID =7;


-- Populate Leased_Office table

INSERT INTO Leased_Office (LeasedOfficeID, LeaseStartDate, LeaseEndDate, WorkForce, IsOwned)
VALUES 
(5, '2014-2-1', '2017-2-1', NULL, FALSE),
(8, '2015-9-1', '2020-9-1', NULL, FALSE),
(5, '2017-2-1', '2020-2-1', NULL, FALSE),
(5, '2020-2-1', '2023-2-1', 12, FALSE),
(8, '2020-9-1', '2025-9-1', 8, FALSE),
(9, '2017-1-1', '2022-1-1', 2, FALSE),
(10, '2019-2-1', '2022-2-1', 4, FALSE);


-- Populate Ownership_Percentage table

INSERT INTO Ownership_Percentage (PropertyID, OwnerID, OwnerPercentage)
VALUES
(1, 1, 36),
(2, 1, 29),
(2, 2, 100),
(3, 3, 100),
(4, 4, 100),
(5, 5, 50),
(6, 6, 100),
(7, 7, 100),
(8, 8, 100),
(9, 9, 100),
(10, 10, 100),
(10, 1, 35),
(11, 11, 100),
(12, 12, 100),
(13, 13, 100),
(14, 14, 100),
(14, 5, 50),
(15, 15, 100),
(16, 16, 100),
(17, 17, 100),
(18, 18, 100),
(19, 19, 100),
(20, 20, 100),
(21, 20, 100),
(22, 20, 100),
(23, 20, 100),
(24, 20, 100),
(25, 20, 100),
(26, 20, 100),
(27, 21, 100),
(28, 21, 100),
(29, 21, 100),
(30, 21, 100),
(31, 21, 100),
(32, 21, 100),
(33, 21, 100),
(34, 21, 100),
(35, 21, 100),
(36, 21, 100),
(37, 21, 100),
(38, 21, 100),
(39, 21, 100),
(40, 21, 100),
(41, 21, 100),
(42, 21, 100),
(43, 21, 100),
(44, 21, 100),
(45, 21, 100),
(46, 21, 100),
(47, 21, 100),
(48, 21, 100),
(49, 21, 100),
(50, 21, 100),
(51, 21, 100),
(52, 21, 100),
(53, 21, 100),
(54, 21, 100),
(55, 21, 100),
(56, 21, 100),
(57, 21, 100),
(58, 21, 100),
(59, 21, 100),
(60, 21, 100),
(61, 21, 100),
(62, 21, 100),
(63, 21, 100),
(64, 21, 100),
(65, 21, 100),
(66, 21, 100),
(67, 21, 100),
(68, 21, 100),
(69, 21, 100),
(70, 21, 100),
(71, 21, 100),
(72, 21, 100),
(73, 21, 100),
(74, 21, 100),
(75, 21, 100),
(76, 21, 100),
(77, 21, 100),
(78, 21, 100),
(79, 21, 100),
(80, 21, 100),
(81, 21, 100),
(82, 21, 100),
(83, 21, 100),
(84, 21, 100),
(85, 21, 100),
(86, 21, 100),
(87, 21, 100),
(88, 21, 100),
(89, 21, 100),
(90, 21, 100),
(91, 21, 100),
(92, 21, 100),
(93, 21, 100),
(94, 21, 100),
(95, 21, 100),
(96, 21, 100),
(97, 21, 100),
(98, 21, 100),
(99, 21, 100),
(100, 21, 100),
(101, 21, 100),
(102, 21, 100),
(103, 21, 100),
(104, 21, 100),
(105, 21, 100),
(106, 21, 100),
(107, 21, 100),
(108, 21, 100),
(109, 21, 100),
(110, 21, 100),
(111, 21, 100),
(112, 21, 100),
(113, 21, 100),
(114, 21, 100),
(115, 21, 100),
(116, 21, 100),
(117, 21, 100),
(118, 21, 100),
(119, 21, 100),
(120, 21, 100),
(121, 21, 100),
(122, 21, 100),
(123, 21, 100),
(124, 21, 100),
(125, 21, 100),
(126, 21, 100),
(127, 21, 100),
(128, 21, 100),
(129, 21, 100),
(130, 21, 100),
(131, 21, 100),
(132, 21, 100),
(133, 21, 100),
(134, 21, 100),
(135, 21, 100),
(136, 21, 100),
(137, 21, 100),
(138, 21, 100),
(139, 21, 100),
(140, 21, 100),
(141, 21, 100),
(142, 21, 100),
(143, 21, 100),
(144, 21, 100),
(145, 21, 100),
(146, 21, 100),
(147, 21, 100),
(148, 21, 100),
(149, 21, 100),
(150, 21, 100),
(151, 21, 100),
(152, 21, 100),
(153, 21, 100),
(154, 21, 100),
(155, 21, 100),
(156, 21, 100),
(157, 21, 100),
(158, 21, 100),
(159, 21, 100),
(160, 21, 100),
(161, 21, 100),
(162, 21, 100),
(163, 21, 100),
(164, 21, 100),
(165, 21, 100),
(166, 21, 100),
(167, 21, 100),
(168, 21, 100),
(169, 21, 100),
(170, 21, 100),
(171, 21, 100),
(172, 21, 100),
(173, 21, 100),
(174, 21, 100),
(175, 21, 100),
(176, 21, 100),
(177, 21, 100),
(178, 21, 100),
(179, 21, 100),
(180, 21, 100),
(181, 21, 100),
(182, 21, 100),
(183, 21, 100),
(184, 21, 100),
(185, 21, 100),
(186, 21, 100),
(187, 21, 100),
(188, 21, 100),
(189, 21, 100),
(190, 21, 100),
(191, 21, 100),
(192, 21, 100),
(193, 21, 100),
(194, 21, 100),
(195, 21, 100),
(196, 21, 100),
(197, 21, 100),
(198, 21, 100),
(199, 21, 100),
(200, 21, 100),
(201, 21, 100),
(202, 21, 100),
(203, 21, 100),
(204, 21, 100),
(205, 21, 100),
(206, 21, 100),
(207, 21, 100),
(208, 21, 100),
(209, 21, 100),
(210, 21, 100),
(211, 21, 100),
(212, 21, 100),
(213, 21, 100),
(214, 21, 100),
(215, 21, 100),
(216, 21, 100),
(217, 21, 100),
(218, 21, 100),
(219, 21, 100),
(220, 21, 100),
(221, 21, 100),
(222, 21, 100),
(223, 21, 100),
(224, 21, 100),
(225, 21, 100),
(226, 21, 100),
(227, 21, 100);


-- Populate Lease_Holder table

INSERT INTO Lease_Holder (AffiliateID, LeaseID, LeasedOfficeID)
VALUES
(1, 1, 5),
(3, 1, 5),
(9, 1, 5),
(11, 1, 5),
(6, 1, 5),
(1, 3, 5),
(4, 3, 5),
(2, 3, 5),
(6, 3, 5),
(1, 4, 5),
(4, 4, 5),
(2, 4, 5),
(5, 4, 5),
(6, 4, 5),
(10, 4, 5),
(2, 2, 8),
(10, 2, 8),
(2, 5, 8),
(12, 6, 9),
(7, 6, 9),
(2, 6, 9),
(8, 7, 10);
